Date, Expand_Button_Click(E), Research_Topic_Show(R), Search_Count(S), Advance_Search_Count(A), Core_Correalation_Click, Exit_Button_Click, Educator_Tool_Click, My_List_Click, Bookcarts_Click, Slideshows_Click, Timelines_Click, Quizzes_Click, R/S, E/R, A/S
13-01-01, 134, 679, 3534, 251, 15, 37, 0, 72, 42, 1, 7, 1, 0.192, 0.197, 0.071
13-01-02, 571, 2643, 10517, 762, 55, 49, 5, 116, 37, 13, 8, 5, 0.251, 0.216, 0.072
13-01-03, 1354, 5123, 19627, 1171, 87, 115, 10, 454, 87, 31, 24, 14, 0.261, 0.264, 0.060
13-01-04, 1188, 4870, 18107, 1067, 73, 88, 8, 577, 183, 8, 15, 21, 0.269, 0.244, 0.059
13-01-05, 119, 738, 4453, 325, 20, 66, 0, 79, 21, 6, 1, 5, 0.166, 0.161, 0.073
13-01-06, 336, 1406, 8107, 415, 22, 37, 2, 209, 51, 15, 7, 10, 0.173, 0.239, 0.051
13-01-07, 1355, 6624, 26586, 1940, 109, 104, 6, 366, 531, 8, 34, 19, 0.249, 0.205, 0.073
13-01-08, 1501, 8164, 32757, 1722, 89, 167, 2, 448, 397, 20, 32, 458, 0.249, 0.184, 0.053
13-01-09, 1565, 9469, 36548, 1659, 128, 187, 8, 565, 412, 32, 39, 2308, 0.259, 0.165, 0.045
13-01-10, 1258, 9266, 36045, 1584, 106, 200, 4, 520, 449, 29, 32, 913, 0.257, 0.136, 0.044
13-01-11, 1139, 7273, 29648, 1373, 99, 227, 7, 360, 544, 17, 38, 5595, 0.245, 0.157, 0.046
13-01-12, 142, 1033, 6245, 352, 33, 44, 1, 106, 29, 4, 13, 2, 0.165, 0.137, 0.056
13-01-13, 351, 2320, 12383, 693, 36, 100, 1, 283, 31, 9, 16, 7, 0.187, 0.151, 0.056
13-01-14, 1267, 8772, 34299, 1960, 84, 198, 7, 438, 486, 21, 37, 13, 0.256, 0.144, 0.057
13-01-15, 1492, 8729, 35217, 2613, 142, 230, 5, 444, 250, 52, 75, 29, 0.248, 0.171, 0.074
13-01-16, 1233, 7409, 32006, 2160, 101, 257, 11, 777, 227, 18, 19, 22, 0.231, 0.166, 0.067
13-01-17, 1158, 8566, 34988, 2123, 110, 261, 8, 617, 260, 30, 29, 33, 0.245, 0.135, 0.061
13-01-18, 835, 6299, 26107, 1465, 109, 200, 5, 535, 201, 45, 31, 15, 0.241, 0.133, 0.056
13-01-19, 112, 772, 5310, 418, 36, 68, 2, 145, 34, 4, 8, 10, 0.145, 0.145, 0.079
13-01-20, 198, 1342, 8133, 531, 21, 93, 2, 180, 25, 4, 7, 7, 0.165, 0.148, 0.065
13-01-21, 421, 2934, 14066, 882, 70, 110, 1, 268, 32, 10, 11, 8, 0.209, 0.143, 0.063
13-01-22, 1238, 8107, 32359, 2147, 164, 261, 13, 876, 347, 41, 72, 28, 0.251, 0.153, 0.066
13-01-23, 1459, 8424, 35450, 1940, 128, 261, 10, 1254, 242, 22, 41, 41, 0.238, 0.173, 0.055
13-01-24, 1082, 7487, 33026, 1676, 121, 222, 2, 1170, 68, 17, 16, 18, 0.227, 0.145, 0.051
13-01-25, 955, 5620, 24724, 1536, 98, 165, 5, 672, 226, 21, 20, 53, 0.227, 0.170, 0.062
13-01-26, 175, 1155, 8815, 639, 58, 90, 2, 298, 56, 5, 14, 4, 0.131, 0.152, 0.072
13-01-27, 296, 2208, 13718, 836, 58, 101, 1, 631, 44, 8, 4, 2, 0.161, 0.134, 0.061
13-01-28, 950, 6875, 30444, 1671, 122, 281, 8, 827, 171, 26, 33, 54, 0.226, 0.138, 0.055
13-01-29, 1616, 9129, 37341, 2220, 124, 302, 6, 990, 301, 24, 107, 739, 0.244, 0.177, 0.059
13-01-30, 1440, 9435, 37731, 2392, 164, 295, 24, 1623, 545, 30, 50, 434, 0.250, 0.153, 0.063
13-01-31, 1414, 8607, 33229, 2093, 106, 240, 10, 1051, 1337, 36, 18, 20, 0.259, 0.164, 0.063
13-02-01, 838, 5794, 26897, 1530, 121, 184, 4, 830, 526, 26, 30, 33, 0.215, 0.145, 0.057
13-02-02, 107, 1134, 8075, 533, 32, 85, 1, 186, 20, 5, 6, 4, 0.140, 0.094, 0.066
13-02-03, 295, 2261, 12778, 833, 47, 113, 6, 447, 33, 6, 11, 6, 0.177, 0.130, 0.065
13-02-04, 1558, 9131, 36833, 2268, 144, 253, 11, 826, 802, 39, 61, 779, 0.248, 0.171, 0.062
13-02-05, 1890, 10844, 45843, 2468, 154, 277, 32, 1183, 787, 49, 52, 308, 0.237, 0.174, 0.054
13-02-06, 1638, 10277, 43922, 2525, 123, 349, 17, 1116, 872, 27, 35, 30, 0.234, 0.159, 0.057
13-02-07, 2201, 11362, 44145, 2570, 154, 298, 20, 1025, 722, 37, 79, 39, 0.257, 0.194, 0.058
13-02-08, 1088, 6262, 25453, 1510, 90, 138, 5, 386, 591, 28, 31, 31, 0.246, 0.174, 0.059
13-02-09, 188, 1224, 8218, 473, 44, 90, 0, 139, 23, 3, 4, 4, 0.149, 0.154, 0.058
13-02-10, 397, 2823, 14341, 1013, 73, 82, 6, 320, 143, 8, 12, 10, 0.197, 0.141, 0.071
13-02-11, 1297, 9452, 40573, 2619, 139, 254, 5, 696, 393, 30, 35, 35, 0.233, 0.137, 0.065
13-02-12, 1807, 10755, 43424, 2727, 137, 278, 6, 553, 483, 31, 26, 22, 0.248, 0.168, 0.063
13-02-13, 1836, 10979, 42320, 2403, 134, 305, 6, 723, 653, 16, 40, 24, 0.259, 0.167, 0.057
13-02-14, 1502, 10084, 40008, 2231, 127, 189, 7, 546, 582, 34, 55, 36, 0.252, 0.149, 0.056
13-02-15, 1759, 6372, 25793, 1480, 121, 205, 35, 709, 590, 29, 20, 25, 0.247, 0.276, 0.057
13-02-16, 163, 1202, 7277, 502, 32, 87, 2, 139, 30, 4, 16, 4, 0.165, 0.136, 0.069
13-02-17, 288, 1821, 10634, 700, 50, 130, 5, 204, 45, 10, 9, 8, 0.171, 0.158, 0.066
13-02-18, 740, 4509, 21304, 1586, 70, 148, 9, 348, 170, 34, 18, 22, 0.212, 0.164, 0.074
13-02-19, 2023, 8821, 39395, 2224, 128, 312, 8, 643, 293, 42, 37, 28, 0.224, 0.229, 0.056
13-02-20, 1677, 9953, 43897, 2768, 161, 291, 12, 811, 331, 57, 28, 28, 0.227, 0.168, 0.063
13-02-21, 1695, 10136, 41248, 2282, 127, 272, 3, 718, 646, 24, 21, 28, 0.246, 0.167, 0.055
13-02-22, 1099, 6627, 29470, 1901, 107, 173, 6, 527, 538, 42, 47, 26, 0.225, 0.166, 0.065
13-02-23, 161, 1581, 11096, 483, 57, 83, 7, 262, 66, 20, 7, 2, 0.142, 0.102, 0.044
13-02-24, 489, 3155, 16417, 1046, 55, 110, 6, 379, 46, 10, 11, 54, 0.192, 0.155, 0.064
13-02-25, 1547, 10801, 45499, 2981, 215, 297, 53, 1071, 457, 52, 53, 34, 0.237, 0.143, 0.066
13-02-26, 1621, 10401, 44788, 2873, 214, 263, 75, 691, 567, 41, 54, 41, 0.232, 0.156, 0.064
13-02-27, 1415, 10239, 42512, 3014, 171, 242, 13, 529, 558, 34, 37, 82, 0.241, 0.138, 0.071
13-02-28, 1739, 10809, 46491, 3229, 141, 293, 72, 1133, 250, 24, 46, 38, 0.232, 0.161, 0.069
13-03-01, 1013, 6883, 29539, 2180, 78, 164, 5, 377, 130, 24, 12, 20, 0.233, 0.147, 0.074
13-03-02, 197, 1572, 9912, 646, 47, 121, 3, 274, 60, 23, 6, 5, 0.159, 0.125, 0.065
13-03-03, 603, 3389, 17962, 1486, 69, 130, 2, 307, 39, 17, 25, 11, 0.189, 0.178, 0.083
13-03-04, 1495, 8805, 38110, 2607, 115, 252, 9, 705, 221, 63, 67, 24, 0.231, 0.170, 0.068
13-03-05, 1713, 9939, 39906, 2600, 125, 252, 8, 1033, 120, 25, 38, 34, 0.249, 0.172, 0.065
13-03-06, 1503, 9301, 40588, 2615, 144, 224, 9, 1129, 181, 44, 48, 62, 0.229, 0.162, 0.064
13-03-07, 2143, 11705, 44147, 2747, 116, 204, 16, 601, 219, 40, 54, 43, 0.265, 0.183, 0.062
13-03-08, 1244, 7604, 28764, 1501, 127, 157, 6, 473, 171, 31, 29, 21, 0.264, 0.164, 0.052
13-03-09, 183, 1195, 7709, 513, 48, 97, 1, 261, 27, 7, 8, 10, 0.155, 0.153, 0.067
13-03-10, 415, 2655, 14184, 849, 49, 107, 3, 207, 29, 9, 6, 9, 0.187, 0.156, 0.060
13-03-11, 1422, 9371, 36591, 2426, 138, 232, 7, 757, 521, 32, 22, 55, 0.256, 0.152, 0.066
13-03-12, 1550, 10173, 41523, 2511, 118, 280, 9, 657, 277, 26, 18, 37, 0.245, 0.152, 0.060
13-03-13, 1436, 9619, 35938, 2307, 130, 268, 3, 634, 569, 44, 48, 31, 0.268, 0.149, 0.064
13-03-14, 1415, 9543, 36096, 2546, 111, 183, 10, 494, 294, 22, 41, 37, 0.264, 0.148, 0.071
13-03-15, 1027, 6575, 27259, 1606, 71, 122, 4, 351, 237, 26, 37, 11, 0.241, 0.156, 0.059
13-03-16, 182, 1185, 8070, 693, 33, 73, 1, 146, 24, 5, 3, 7, 0.147, 0.154, 0.086
13-03-17, 376, 2767, 15043, 1059, 98, 106, 4, 316, 57, 6, 15, 6, 0.184, 0.136, 0.070
13-03-18, 1263, 9905, 41614, 2887, 202, 225, 10, 811, 243, 41, 32, 62, 0.238, 0.128, 0.069
13-03-19, 1189, 8631, 38201, 2645, 135, 205, 10, 814, 90, 40, 19, 40, 0.226, 0.138, 0.069
13-03-20, 1500, 9022, 37404, 2404, 110, 253, 5, 533, 104, 34, 46, 34, 0.241, 0.166, 0.064
13-03-21, 1138, 7403, 37492, 2940, 129, 257, 13, 469, 95, 45, 56, 20, 0.197, 0.154, 0.078
13-03-22, 938, 6136, 26850, 1597, 81, 150, 3, 384, 72, 18, 16, 33, 0.229, 0.153, 0.059
13-03-23, 171, 1106, 6799, 644, 45, 60, 3, 122, 47, 7, 17, 4, 0.163, 0.155, 0.095
13-03-24, 320, 2056, 12586, 1084, 50, 102, 2, 157, 57, 5, 14, 7, 0.163, 0.156, 0.086
13-03-25, 1277, 7460, 32090, 1799, 87, 178, 2, 302, 159, 22, 24, 13, 0.232, 0.171, 0.056
13-03-26, 1533, 8171, 32840, 1795, 91, 187, 8, 429, 316, 23, 35, 16, 0.249, 0.188, 0.055
13-03-27, 1310, 7334, 32514, 2142, 91, 155, 11, 462, 100, 24, 34, 32, 0.226, 0.179, 0.066
13-03-28, 884, 5231, 21266, 1415, 49, 126, 4, 273, 101, 20, 19, 32, 0.246, 0.169, 0.067
13-03-29, 437, 2070, 9086, 783, 33, 76, 4, 284, 35, 10, 12, 11, 0.228, 0.211, 0.086
13-03-30, 140, 947, 5778, 545, 22, 55, 2, 79, 10, 3, 4, 2, 0.164, 0.148, 0.094
13-03-31, 179, 1363, 7734, 765, 30, 37, 2, 122, 19, 10, 8, 7, 0.176, 0.131, 0.099
13-04-01, 726, 4577, 20592, 1702, 67, 148, 5, 213, 59, 19, 40, 31, 0.222, 0.159, 0.083
13-04-02, 1116, 7539, 29569, 1752, 91, 188, 0, 597, 65, 35, 29, 7, 0.255, 0.148, 0.059
13-04-03, 953, 7116, 29054, 1765, 97, 177, 2, 548, 70, 28, 18, 7, 0.245, 0.134, 0.061
13-04-04, 1031, 7396, 30528, 1840, 76, 166, 4, 809, 49, 22, 36, 17, 0.242, 0.139, 0.060
13-04-05, 789, 5493, 21768, 1553, 56, 136, 2, 457, 33, 9, 31, 7, 0.252, 0.144, 0.071
13-04-06, 141, 1227, 6766, 499, 35, 78, 2, 126, 22, 11, 9, 4, 0.181, 0.115, 0.074
13-04-07, 367, 2485, 12059, 875, 51, 77, 3, 270, 44, 11, 15, 5, 0.206, 0.148, 0.073
13-04-08, 1222, 7979, 36619, 2508, 120, 238, 7, 780, 304, 26, 36, 26, 0.218, 0.153, 0.068
13-04-09, 1553, 10875, 40937, 3263, 141, 304, 6, 854, 310, 32, 33, 24, 0.266, 0.143, 0.080
13-04-10, 1320, 11274, 41344, 2547, 129, 279, 16, 974, 605, 44, 69, 133, 0.273, 0.117, 0.062
13-04-11, 1366, 9441, 38925, 2432, 130, 278, 6, 815, 481, 45, 66, 27, 0.243, 0.145, 0.062
13-04-12, 1198, 7772, 28874, 1818, 184, 181, 2, 520, 166, 29, 23, 22, 0.269, 0.154, 0.063
13-04-13, 192, 1195, 6405, 558, 40, 59, 2, 103, 13, 8, 5, 4, 0.187, 0.161, 0.087
13-04-14, 367, 2520, 13105, 862, 52, 83, 3, 404, 20, 4, 6, 10, 0.192, 0.146, 0.066
13-04-15, 1457, 8817, 37113, 2454, 135, 182, 9, 805, 77, 17, 41, 33, 0.238, 0.165, 0.066
13-04-16, 1544, 10044, 41588, 2624, 169, 179, 5, 799, 126, 63, 49, 38, 0.242, 0.154, 0.063
13-04-17, 1999, 10585, 40905, 2315, 110, 257, 2, 687, 199, 15, 15, 32, 0.259, 0.189, 0.057
13-04-18, 1692, 9530, 37616, 2305, 113, 204, 8, 745, 140, 23, 24, 9, 0.253, 0.178, 0.061
13-04-19, 1108, 6429, 25935, 1453, 97, 152, 5, 379, 74, 33, 34, 17, 0.248, 0.172, 0.056
13-04-20, 159, 1236, 7034, 431, 33, 77, 2, 168, 30, 6, 2, 2, 0.176, 0.129, 0.061
13-04-21, 425, 2791, 14776, 965, 46, 82, 6, 271, 35, 12, 13, 7, 0.189, 0.152, 0.065
13-04-22, 1496, 8271, 36208, 1957, 100, 206, 8, 705, 60, 25, 22, 24, 0.228, 0.181, 0.054
13-04-23, 1485, 8198, 34272, 2112, 117, 231, 11, 604, 73, 24, 27, 34, 0.239, 0.181, 0.062
13-04-24, 1248, 8689, 34676, 2171, 120, 227, 14, 591, 252, 32, 28, 24, 0.251, 0.144, 0.063
13-04-25, 1179, 8051, 34602, 2369, 179, 239, 7, 679, 96, 40, 25, 24, 0.233, 0.146, 0.068
13-04-26, 748, 5605, 25975, 1339, 72, 149, 3, 408, 67, 28, 22, 17, 0.216, 0.133, 0.052
13-04-27, 200, 1257, 8002, 505, 28, 67, 4, 79, 28, 9, 7, 9, 0.157, 0.159, 0.063
13-04-28, 430, 2734, 14006, 893, 54, 105, 6, 200, 36, 6, 4, 5, 0.195, 0.157, 0.064
13-04-29, 1345, 8787, 34392, 1842, 120, 221, 4, 555, 81, 33, 44, 26, 0.255, 0.153, 0.054
13-04-30, 1005, 7372, 32156, 1821, 132, 223, 10, 480, 89, 27, 44, 20, 0.229, 0.136, 0.057
13-05-01, 1117, 7699, 33410, 1807, 111, 188, 11, 525, 59, 18, 30, 16, 0.230, 0.145, 0.054
13-05-02, 1312, 7795, 32023, 1763, 108, 178, 6, 506, 97, 26, 31, 28, 0.243, 0.168, 0.055
13-05-03, 1037, 5842, 23350, 1322, 95, 165, 6, 305, 42, 19, 20, 14, 0.250, 0.178, 0.057
13-05-04, 200, 1293, 8045, 696, 41, 87, 6, 188, 19, 7, 13, 7, 0.161, 0.155, 0.087
13-05-05, 402, 2796, 15151, 1181, 64, 122, 2, 431, 24, 4, 10, 9, 0.185, 0.144, 0.078
13-05-06, 1308, 7344, 30446, 2026, 152, 172, 12, 499, 64, 16, 32, 33, 0.241, 0.178, 0.067
13-05-07, 1254, 7506, 30826, 1745, 103, 219, 6, 442, 116, 13, 34, 23, 0.243, 0.167, 0.057
13-05-08, 1251, 7355, 32131, 1735, 111, 183, 8, 459, 71, 23, 23, 27, 0.229, 0.170, 0.054
13-05-09, 1262, 8032, 31453, 1504, 77, 226, 18, 455, 135, 24, 42, 27, 0.255, 0.157, 0.048
13-05-10, 987, 5601, 20834, 1147, 52, 145, 9, 305, 41, 23, 34, 15, 0.269, 0.176, 0.055
13-05-11, 180, 1079, 6680, 529, 34, 57, 5, 90, 17, 14, 7, 8, 0.162, 0.167, 0.079
13-05-12, 413, 2237, 10866, 854, 28, 68, 6, 175, 45, 5, 8, 8, 0.206, 0.185, 0.079
13-05-13, 1043, 6707, 28095, 1636, 80, 183, 2, 427, 53, 29, 31, 27, 0.239, 0.156, 0.058
13-05-14, 886, 6958, 27339, 1541, 115, 160, 15, 354, 68, 25, 41, 33, 0.255, 0.127, 0.056
13-05-15, 1106, 6992, 26308, 1641, 94, 124, 8, 455, 54, 27, 32, 16, 0.266, 0.158, 0.062
13-05-16, 1045, 6666, 27763, 1780, 49, 181, 7, 395, 56, 27, 23, 17, 0.240, 0.157, 0.064
13-05-17, 707, 4872, 19689, 1495, 86, 105, 7, 287, 41, 18, 22, 11, 0.247, 0.145, 0.076
13-05-18, 111, 1020, 6059, 391, 37, 73, 13, 90, 22, 15, 15, 15, 0.168, 0.109, 0.065
13-05-19, 315, 2338, 11774, 1081, 29, 78, 7, 157, 32, 13, 13, 9, 0.199, 0.135, 0.092
13-05-20, 1113, 6312, 26913, 1593, 90, 156, 6, 541, 137, 11, 15, 10, 0.235, 0.176, 0.059
13-05-21, 1041, 5797, 25624, 1723, 84, 120, 11, 337, 105, 23, 14, 22, 0.226, 0.180, 0.067
13-05-22, 847, 5287, 23770, 1639, 79, 127, 16, 288, 69, 40, 56, 63, 0.222, 0.160, 0.069
13-05-23, 874, 5224, 22663, 1775, 56, 128, 5, 236, 52, 11, 26, 11, 0.231, 0.167, 0.078
13-05-24, 480, 2925, 12491, 904, 41, 105, 14, 129, 17, 27, 22, 22, 0.234, 0.164, 0.072
13-05-25, 84, 796, 4692, 348, 21, 42, 2, 45, 17, 4, 6, 4, 0.170, 0.106, 0.074
13-05-26, 155, 1044, 6610, 448, 21, 48, 5, 163, 21, 7, 8, 11, 0.158, 0.148, 0.068
13-05-27, 337, 2095, 10338, 873, 27, 76, 4, 155, 34, 7, 14, 7, 0.203, 0.161, 0.084
13-05-28, 621, 4505, 20826, 1115, 77, 95, 10, 295, 40, 13, 11, 19, 0.216, 0.138, 0.054
13-05-29, 583, 4054, 19082, 967, 69, 136, 15, 206, 71, 34, 42, 17, 0.212, 0.144, 0.051
13-05-30, 729, 4299, 18701, 1236, 60, 130, 10, 236, 54, 21, 19, 25, 0.230, 0.170, 0.066
13-05-31, 583, 2834, 12370, 842, 57, 93, 6, 120, 90, 14, 15, 10, 0.229, 0.206, 0.068
13-06-01, 168, 891, 5856, 388, 38, 49, 0, 121, 25, 12, 7, 6, 0.152, 0.189, 0.066
13-06-02, 297, 1887, 10775, 697, 54, 79, 11, 179, 35, 12, 16, 38, 0.175, 0.157, 0.065
13-06-03, 634, 3621, 15264, 1133, 58, 135, 6, 256, 431, 18, 21, 10, 0.237, 0.175, 0.074
13-06-04, 465, 3181, 14010, 952, 50, 84, 5, 178, 67, 13, 9, 12, 0.227, 0.146, 0.068
13-06-05, 395, 2627, 13566, 993, 54, 90, 7, 137, 71, 10, 6, 4, 0.194, 0.150, 0.073
13-06-06, 372, 2411, 11458, 752, 40, 107, 3, 158, 100, 8, 9, 8, 0.210, 0.154, 0.066
13-06-07, 304, 1456, 8061, 616, 41, 66, 1, 89, 25, 10, 9, 3, 0.181, 0.209, 0.076
13-06-08, 63, 628, 4258, 232, 22, 54, 2, 75, 10, 1, 4, 3, 0.147, 0.100, 0.054
13-06-09, 97, 918, 6085, 325, 32, 58, 1, 83, 8, 8, 5, 3, 0.151, 0.106, 0.053
13-06-10, 238, 1709, 9670, 606, 74, 81, 3, 139, 31, 16, 14, 13, 0.177, 0.139, 0.063
13-06-11, 312, 1574, 8880, 596, 69, 70, 10, 78, 34, 31, 10, 5, 0.177, 0.198, 0.067
13-06-12, 332, 1726, 9597, 584, 61, 111, 0, 286, 357, 10, 9, 6, 0.180, 0.192, 0.061
13-06-13, 293, 1462, 7695, 575, 118, 83, 5, 261, 261, 20, 19, 6, 0.190, 0.200, 0.075
13-06-14, 183, 764, 4611, 419, 43, 58, 1, 104, 9, 9, 2, 5, 0.166, 0.240, 0.091
13-06-15, 73, 491, 3469, 284, 21, 56, 0, 40, 22, 4, 1, 1, 0.142, 0.149, 0.082
13-06-16, 89, 679, 4704, 275, 19, 44, 0, 104, 10, 3, 8, 3, 0.144, 0.131, 0.058
13-06-17, 126, 870, 5492, 434, 26, 59, 4, 140, 45, 17, 11, 7, 0.158, 0.145, 0.079
13-06-18, 204, 1041, 6427, 574, 38, 40, 2, 147, 33, 7, 4, 6, 0.162, 0.196, 0.089
13-06-19, 213, 1078, 6756, 407, 32, 82, 4, 128, 14, 7, 3, 7, 0.160, 0.198, 0.060
13-06-20, 190, 1212, 6409, 686, 27, 42, 0, 556, 13, 7, 7, 5, 0.189, 0.157, 0.107
13-06-21, 123, 580, 3983, 332, 34, 36, 1, 39, 19, 3, 5, 8, 0.146, 0.212, 0.083
13-06-22, 15, 306, 2608, 101, 15, 42, 1, 63, 8, 2, 2, 0, 0.117, 0.049, 0.039
13-06-23, 31, 524, 3391, 187, 20, 16, 1, 106, 32, 19, 10, 3, 0.155, 0.059, 0.055
13-06-24, 180, 864, 5727, 590, 33, 51, 0, 177, 23, 3, 5, 7, 0.151, 0.208, 0.103
13-06-25, 133, 1058, 5948, 466, 42, 58, 0, 126, 22, 7, 4, 10, 0.178, 0.126, 0.078
13-06-26, 139, 1141, 6577, 466, 73, 58, 2, 143, 10, 20, 7, 9, 0.173, 0.122, 0.071
13-06-27, 214, 1004, 6129, 514, 51, 67, 2, 101, 284, 19, 7, 2, 0.164, 0.213, 0.084
13-06-28, 70, 520, 3056, 331, 32, 37, 0, 168, 54, 6, 3, 4, 0.170, 0.135, 0.108
13-06-29, 36, 235, 2065, 86, 13, 21, 0, 157, 16, 3, 0, 1, 0.114, 0.153, 0.042
13-06-30, 32, 318, 2551, 148, 19, 33, 2, 87, 17, 5, 3, 3, 0.125, 0.101, 0.058
13-07-01, 115, 614, 4985, 445, 47, 54, 1, 60, 21, 6, 7, 6, 0.123, 0.187, 0.089
13-07-02, 76, 558, 3761, 332, 33, 54, 1, 71, 20, 7, 6, 9, 0.148, 0.136, 0.088
13-07-03, 111, 919, 5870, 413, 29, 71, 0, 149, 15, 5, 4, 4, 0.157, 0.121, 0.070
13-07-04, 9, 163, 1594, 113, 14, 24, 0, 18, 7, 5, 1, 2, 0.102, 0.055, 0.071
13-07-05, 57, 350, 2585, 202, 20, 50, 1, 19, 7, 0, 3, 4, 0.135, 0.163, 0.078
13-07-06, 20, 205, 2196, 127, 21, 42, 1, 20, 5, 2, 2, 1, 0.093, 0.098, 0.058
13-07-07, 40, 294, 2510, 216, 18, 47, 0, 42, 4, 2, 1, 2, 0.117, 0.136, 0.086
13-07-08, 125, 907, 5893, 419, 37, 43, 2, 71, 18, 8, 3, 5, 0.154, 0.138, 0.071
13-07-09, 160, 820, 5443, 444, 42, 42, 0, 61, 13, 5, 7, 9, 0.151, 0.195, 0.082
13-07-10, 146, 895, 5429, 368, 29, 40, 4, 50, 18, 11, 2, 9, 0.165, 0.163, 0.068
13-07-11, 130, 981, 5350, 399, 56, 63, 6, 71, 28, 8, 4, 11, 0.183, 0.133, 0.075
13-07-12, 253, 678, 3927, 424, 45, 55, 0, 42, 9, 6, 3, 3, 0.173, 0.373, 0.108
13-07-13, 31, 342, 2924, 190, 28, 36, 1, 101, 28, 0, 2, 1, 0.117, 0.091, 0.065
13-07-14, 74, 577, 4286, 304, 46, 44, 3, 73, 51, 2, 6, 9, 0.135, 0.128, 0.071
13-07-15, 115, 1053, 6141, 549, 48, 73, 1, 95, 26, 31, 7, 5, 0.171, 0.109, 0.089
13-07-16, 148, 900, 6245, 373, 32, 54, 5, 74, 37, 4, 3, 3, 0.144, 0.164, 0.060
13-07-17, 89, 967, 6144, 473, 49, 53, 3, 120, 31, 4, 3, 11, 0.157, 0.092, 0.077
13-07-18, 113, 811, 5703, 457, 47, 66, 2, 84, 23, 5, 9, 5, 0.142, 0.139, 0.080
13-07-19, 53, 571, 4205, 328, 21, 58, 5, 88, 38, 6, 10, 2, 0.136, 0.093, 0.078
13-07-20, 31, 437, 3568, 321, 23, 31, 2, 95, 9, 9, 3, 3, 0.122, 0.071, 0.090
13-07-21, 62, 738, 5896, 342, 41, 60, 3, 110, 30, 3, 16, 3, 0.125, 0.084, 0.058
13-07-22, 123, 930, 6549, 470, 31, 82, 1, 105, 19, 16, 3, 9, 0.142, 0.132, 0.072
13-07-23, 191, 1134, 6963, 630, 55, 68, 1, 97, 44, 5, 6, 59, 0.163, 0.168, 0.090
13-07-24, 128, 908, 6895, 630, 46, 70, 1, 352, 46, 15, 18, 16, 0.132, 0.141, 0.091
13-07-25, 132, 1004, 6677, 586, 37, 76, 2, 85, 26, 19, 8, 7, 0.150, 0.131, 0.088
13-07-26, 60, 562, 4187, 461, 29, 43, 5, 125, 18, 5, 4, 5, 0.134, 0.107, 0.110
13-07-27, 53, 492, 4622, 328, 29, 43, 3, 83, 13, 5, 6, 6, 0.106, 0.108, 0.071
13-07-28, 86, 740, 5853, 387, 32, 67, 0, 116, 17, 7, 8, 5, 0.126, 0.116, 0.066
13-07-29, 189, 993, 7081, 817, 25, 52, 4, 117, 32, 11, 4, 9, 0.140, 0.190, 0.115
13-07-30, 177, 1075, 7098, 757, 39, 47, 0, 153, 25, 4, 9, 12, 0.151, 0.165, 0.107
13-07-31, 112, 971, 6550, 470, 28, 60, 2, 122, 29, 5, 3, 19, 0.148, 0.115, 0.072
13-08-01, 157, 965, 5975, 535, 25, 50, 1, 93, 26, 2, 2, 5, 0.162, 0.163, 0.090
13-08-02, 103, 624, 4011, 418, 39, 46, 5, 164, 8, 1, 4, 6, 0.156, 0.165, 0.104
13-08-03, 66, 504, 4092, 266, 17, 49, 1, 296, 17, 3, 5, 5, 0.123, 0.131, 0.065
13-08-04, 78, 774, 4878, 314, 28, 60, 1, 62, 18, 11, 5, 5, 0.159, 0.101, 0.064
13-08-05, 200, 904, 5936, 835, 45, 52, 3, 129, 18, 8, 13, 13, 0.152, 0.221, 0.141
13-08-06, 208, 1048, 5979, 840, 44, 72, 3, 233, 134, 13, 5, 19, 0.175, 0.198, 0.140
13-08-07, 267, 989, 5495, 715, 45, 58, 2, 118, 27, 13, 8, 46, 0.180, 0.270, 0.130
13-08-08, 402, 1186, 6079, 660, 58, 52, 6, 77, 64, 15, 19, 17, 0.195, 0.339, 0.109
13-08-09, 271, 714, 4399, 681, 39, 31, 0, 141, 10, 2, 1, 4, 0.162, 0.380, 0.155
13-08-10, 29, 364, 3111, 242, 19, 23, 0, 44, 17, 4, 9, 9, 0.117, 0.080, 0.078
13-08-11, 77, 540, 4208, 353, 27, 51, 0, 51, 11, 9, 4, 5, 0.128, 0.143, 0.084
13-08-12, 330, 1098, 6165, 867, 34, 78, 1, 108, 73, 14, 11, 10, 0.178, 0.301, 0.141
13-08-13, 253, 1044, 6282, 841, 53, 101, 6, 81, 36, 7, 9, 3, 0.166, 0.242, 0.134
13-08-14, 203, 1150, 6523, 832, 62, 101, 4, 139, 42, 16, 16, 15, 0.176, 0.177, 0.128
13-08-15, 177, 834, 5268, 680, 86, 79, 1, 218, 45, 5, 11, 11, 0.158, 0.212, 0.129
13-08-16, 62, 725, 3461, 420, 41, 52, 5, 97, 29, 7, 7, 6, 0.209, 0.086, 0.121
13-08-17, 20, 385, 2761, 254, 24, 37, 0, 44, 4, 1, 6, 1, 0.139, 0.052, 0.092
13-08-18, 44, 492, 4036, 380, 32, 44, 3, 51, 49, 8, 4, 3, 0.122, 0.089, 0.094
13-08-19, 142, 1005, 6081, 709, 43, 79, 3, 123, 91, 20, 11, 32, 0.165, 0.141, 0.117
13-08-20, 208, 1176, 6322, 564, 43, 82, 1, 92, 34, 9, 8, 4, 0.186, 0.177, 0.089
13-08-21, 212, 1432, 7067, 680, 63, 83, 4, 186, 38, 19, 9, 7, 0.203, 0.148, 0.096
13-08-22, 377, 1522, 6676, 565, 47, 75, 5, 80, 22, 13, 11, 13, 0.228, 0.248, 0.085
13-08-23, 252, 1088, 5952, 389, 33, 78, 1, 99, 32, 0, 10, 6, 0.183, 0.232, 0.065
13-08-24, 82, 386, 2956, 331, 28, 48, 0, 86, 12, 7, 4, 6, 0.131, 0.212, 0.112
13-08-25, 191, 947, 5991, 423, 46, 52, 3, 126, 13, 6, 5, 8, 0.158, 0.202, 0.071
13-08-26, 339, 1917, 9682, 726, 84, 144, 9, 261, 70, 16, 21, 19, 0.198, 0.177, 0.075
13-08-27, 307, 1868, 9381, 937, 63, 157, 6, 152, 37, 19, 13, 7, 0.199, 0.164, 0.100
13-08-28, 508, 2124, 10625, 964, 74, 82, 4, 148, 50, 24, 17, 77, 0.200, 0.239, 0.091
13-08-29, 441, 2668, 11914, 1304, 104, 143, 8, 216, 42, 27, 18, 26, 0.224, 0.165, 0.109
13-08-30, 834, 2154, 8560, 913, 75, 88, 3, 106, 30, 15, 6, 62, 0.252, 0.387, 0.107
13-08-31, 45, 502, 3595, 683, 19, 43, 1, 76, 18, 14, 3, 4, 0.140, 0.090, 0.190
13-09-01, 108, 719, 5438, 1217, 27, 48, 0, 42, 4, 1, 11, 4, 0.132, 0.150, 0.224
13-09-02, 136, 913, 5502, 858, 28, 71, 2, 90, 24, 12, 10, 10, 0.166, 0.149, 0.156
13-09-03, 675, 2873, 12005, 1527, 63, 138, 5, 120, 173, 21, 23, 9, 0.239, 0.235, 0.127
13-09-04, 480, 3940, 17887, 1627, 59, 211, 2, 139, 52, 10, 16, 6, 0.220, 0.122, 0.091
13-09-05, 608, 3789, 14882, 1397, 62, 145, 5, 167, 51, 17, 16, 17, 0.255, 0.160, 0.094
13-09-06, 753, 3365, 12453, 983, 61, 139, 13, 193, 32, 7, 5, 19, 0.270, 0.224, 0.079
13-09-07, 80, 605, 4395, 594, 23, 32, 1, 109, 8, 2, 5, 3, 0.138, 0.132, 0.135
13-09-08, 161, 1198, 8066, 927, 28, 73, 0, 170, 23, 4, 7, 7, 0.149, 0.134, 0.115
13-09-09, 576, 4032, 17000, 1573, 78, 139, 3, 257, 66, 24, 9, 6, 0.237, 0.143, 0.093
13-09-10, 1051, 5358, 18631, 1510, 90, 200, 4, 170, 46, 15, 18, 27, 0.288, 0.196, 0.081
13-09-11, 831, 4885, 18239, 2092, 82, 138, 2, 225, 75, 16, 11, 23, 0.268, 0.170, 0.115
13-09-12, 1041, 6023, 21642, 1968, 85, 206, 7, 337, 38, 11, 17, 15, 0.278, 0.173, 0.091
13-09-13, 915, 5085, 16847, 1470, 71, 130, 3, 208, 59, 10, 14, 8, 0.302, 0.180, 0.087
13-09-14, 128, 741, 4477, 746, 18, 51, 1, 39, 8, 3, 0, 5, 0.166, 0.173, 0.167
13-09-15, 234, 1525, 9133, 1129, 28, 79, 3, 134, 22, 10, 7, 5, 0.167, 0.153, 0.124
13-09-16, 805, 5962, 24329, 2062, 156, 192, 8, 374, 82, 28, 36, 41, 0.245, 0.135, 0.085
13-09-17, 1352, 6110, 27842, 1770, 134, 199, 9, 385, 91, 25, 20, 40, 0.219, 0.221, 0.064
13-09-18, 894, 5253, 23124, 1892, 113, 156, 4, 238, 67, 9, 13, 10, 0.227, 0.170, 0.082
13-09-19, 1367, 6244, 25051, 2233, 107, 182, 4, 324, 95, 21, 21, 33, 0.249, 0.219, 0.089
13-09-20, 1046, 5325, 20029, 2049, 68, 131, 3, 194, 52, 8, 32, 12, 0.266, 0.196, 0.102
13-09-21, 88, 715, 5090, 508, 30, 52, 2, 69, 11, 10, 12, 9, 0.140, 0.123, 0.100
13-09-22, 247, 1580, 9681, 928, 28, 85, 3, 133, 21, 3, 4, 6, 0.163, 0.156, 0.096
13-09-23, 935, 5360, 23633, 2491, 105, 112, 8, 536, 49, 14, 11, 27, 0.227, 0.174, 0.105
13-09-24, 1287, 7678, 30159, 2826, 145, 236, 21, 1010, 178, 40, 49, 84, 0.255, 0.168, 0.094
13-09-25, 961, 6706, 27840, 3185, 151, 192, 10, 1393, 106, 41, 33, 60, 0.241, 0.143, 0.114
13-09-26, 1028, 5951, 25939, 2503, 110, 177, 5, 530, 99, 17, 19, 19, 0.229, 0.173, 0.096
13-09-27, 867, 4416, 17489, 1364, 104, 105, 2, 220, 88, 13, 19, 24, 0.253, 0.196, 0.078
13-09-28, 80, 714, 4655, 676, 31, 50, 1, 41, 6, 7, 3, 7, 0.153, 0.112, 0.145
13-09-29, 238, 1673, 9723, 1212, 38, 62, 2, 208, 24, 2, 6, 2, 0.172, 0.142, 0.125
13-09-30, 817, 5695, 25203, 3091, 135, 151, 4, 1080, 110, 11, 11, 18, 0.226, 0.143, 0.123
13-10-01, 1406, 7950, 31791, 3131, 110, 274, 2, 707, 47, 28, 35, 35, 0.250, 0.177, 0.098
13-10-02, 1093, 6398, 27059, 2251, 102, 160, 4, 490, 117, 11, 17, 12, 0.236, 0.171, 0.083
13-10-03, 882, 6869, 26203, 2333, 103, 145, 3, 248, 149, 23, 18, 18, 0.262, 0.128, 0.089
13-10-04, 682, 4742, 19908, 1819, 98, 151, 2, 335, 97, 31, 16, 31, 0.238, 0.144, 0.091
13-10-05, 153, 890, 5417, 559, 45, 52, 1, 155, 15, 8, 2, 2, 0.164, 0.172, 0.103
13-10-06, 233, 2089, 11811, 1054, 42, 81, 4, 191, 46, 8, 8, 5, 0.177, 0.112, 0.089
13-10-07, 1186, 6506, 26422, 2458, 166, 153, 9, 400, 98, 21, 25, 43, 0.246, 0.182, 0.093
13-10-08, 1166, 7303, 28614, 3239, 99, 209, 3, 452, 128, 21, 19, 28, 0.255, 0.160, 0.113
13-10-09, 1129, 7164, 32112, 3236, 122, 210, 2, 359, 140, 14, 11, 13, 0.223, 0.158, 0.101
13-10-10, 1308, 7549, 32038, 2498, 101, 191, 2, 776, 128, 18, 16, 26, 0.236, 0.173, 0.078
13-10-11, 932, 4957, 20858, 1869, 72, 137, 2, 442, 54, 18, 9, 29, 0.238, 0.188, 0.090
13-10-12, 84, 754, 4560, 627, 36, 48, 1, 46, 16, 13, 2, 13, 0.165, 0.111, 0.138
13-10-13, 199, 1592, 9101, 979, 55, 61, 1, 117, 30, 8, 10, 1, 0.175, 0.125, 0.108
13-10-14, 848, 6510, 24682, 2496, 89, 166, 9, 307, 75, 20, 33, 20, 0.264, 0.130, 0.101
13-10-15, 1215, 7338, 31818, 2662, 162, 296, 19, 388, 284, 21, 34, 43, 0.231, 0.166, 0.084
13-10-16, 1176, 7048, 31784, 2663, 113, 156, 8, 232, 376, 13, 26, 23, 0.222, 0.167, 0.084
13-10-17, 1089, 8157, 31503, 2694, 124, 210, 7, 300, 192, 23, 22, 30, 0.259, 0.134, 0.086
13-10-18, 884, 5705, 23719, 2459, 100, 168, 7, 204, 96, 7, 25, 24, 0.241, 0.155, 0.104
13-10-19, 115, 1042, 6509, 841, 65, 66, 2, 57, 38, 8, 8, 7, 0.160, 0.110, 0.129
13-10-20, 360, 2533, 13371, 1584, 53, 87, 2, 202, 18, 5, 11, 4, 0.189, 0.142, 0.118
13-10-21, 998, 7585, 30329, 3658, 124, 188, 5, 300, 368, 34, 24, 27, 0.250, 0.132, 0.121
13-10-22, 1873, 9138, 36725, 3833, 134, 257, 17, 417, 129, 34, 36, 33, 0.249, 0.205, 0.104
13-10-23, 1558, 8734, 36450, 3888, 176, 259, 7, 407, 107, 19, 15, 44, 0.240, 0.178, 0.107
13-10-24, 1438, 8855, 36621, 3091, 139, 204, 13, 540, 933, 23, 52, 52, 0.242, 0.162, 0.084
13-10-25, 919, 5949, 25202, 2085, 101, 133, 3, 298, 94, 24, 29, 39, 0.236, 0.154, 0.083
13-10-26, 101, 1044, 5981, 609, 27, 73, 1, 63, 10, 2, 3, 4, 0.175, 0.097, 0.102
13-10-27, 347, 2371, 12891, 1466, 42, 119, 1, 158, 39, 8, 7, 2, 0.184, 0.146, 0.114
13-10-28, 1543, 8685, 33343, 3338, 121, 191, 12, 542, 364, 12, 11, 19, 0.260, 0.178, 0.100
13-10-29, 1250, 8926, 34033, 2919, 120, 174, 7, 465, 548, 25, 20, 24, 0.262, 0.140, 0.086
13-10-30, 1353, 8728, 41522, 3426, 147, 262, 12, 719, 296, 32, 28, 29, 0.210, 0.155, 0.083
13-10-31, 1090, 7216, 30108, 2231, 94, 202, 5, 720, 519, 23, 18, 25, 0.240, 0.151, 0.074
13-11-01, 1006, 4988, 22481, 1910, 95, 123, 16, 438, 75, 16, 24, 15, 0.222, 0.202, 0.085
13-11-02, 122, 1257, 7308, 763, 38, 55, 1, 96, 11, 3, 11, 3, 0.172, 0.097, 0.104
13-11-03, 331, 2391, 13186, 1299, 52, 93, 1, 252, 30, 8, 8, 4, 0.181, 0.138, 0.099
13-11-04, 1475, 8207, 36975, 3570, 129, 241, 6, 595, 136, 47, 47, 19, 0.222, 0.180, 0.097
13-11-05, 1763, 9475, 37558, 2662, 190, 232, 5, 497, 263, 42, 48, 75, 0.252, 0.186, 0.071
13-11-06, 1458, 8832, 36917, 3316, 128, 207, 5, 579, 768, 26, 29, 36, 0.239, 0.165, 0.090
13-11-07, 1541, 8778, 37128, 3069, 149, 241, 8, 446, 408, 17, 26, 16, 0.236, 0.176, 0.083
13-11-08, 761, 5771, 24209, 1990, 113, 111, 6, 309, 110, 26, 11, 18, 0.238, 0.132, 0.082
13-11-09, 122, 1185, 7301, 842, 52, 107, 3, 161, 24, 16, 4, 6, 0.162, 0.103, 0.115
13-11-10, 302, 1968, 11187, 1190, 39, 64, 5, 182, 57, 18, 7, 9, 0.176, 0.153, 0.106
13-11-11, 869, 5291, 22651, 2552, 225, 147, 5, 259, 76, 16, 27, 30, 0.234, 0.164, 0.113
13-11-12, 1281, 9152, 37720, 3444, 117, 240, 11, 316, 124, 27, 48, 67, 0.243, 0.140, 0.091
13-11-13, 1532, 9491, 40327, 3757, 116, 196, 6, 391, 139, 19, 23, 19, 0.235, 0.161, 0.093
13-11-14, 1461, 9308, 38947, 2881, 119, 199, 12, 430, 426, 33, 40, 28, 0.239, 0.157, 0.074
13-11-15, 1472, 7690, 29320, 1993, 90, 159, 7, 491, 410, 22, 19, 43, 0.262, 0.191, 0.068
13-11-16, 161, 1312, 7705, 855, 41, 62, 1, 95, 41, 11, 3, 2, 0.170, 0.123, 0.111
13-11-17, 326, 2622, 13783, 1214, 41, 91, 5, 246, 131, 12, 18, 4, 0.190, 0.124, 0.088
13-11-18, 1361, 8294, 35855, 4045, 132, 244, 7, 534, 179, 29, 28, 25, 0.231, 0.164, 0.113
13-11-19, 1509, 9864, 39429, 3971, 156, 228, 7, 424, 332, 28, 37, 93, 0.250, 0.153, 0.101
13-11-20, 1178, 9275, 36965, 3684, 129, 179, 21, 477, 166, 23, 20, 25, 0.251, 0.127, 0.100
13-11-21, 1052, 7892, 35870, 3578, 118, 185, 15, 351, 142, 27, 16, 9, 0.220, 0.133, 0.100
13-11-22, 856, 6132, 26346, 2187, 94, 134, 5, 294, 394, 13, 18, 21, 0.233, 0.140, 0.083
13-11-23, 151, 1128, 6499, 849, 27, 37, 0, 95, 29, 3, 2, 5, 0.174, 0.134, 0.131
13-11-24, 356, 2446, 12568, 1337, 40, 59, 1, 138, 23, 10, 3, 11, 0.195, 0.146, 0.106
13-11-25, 1423, 7825, 31071, 3872, 91, 136, 3, 315, 75, 28, 20, 21, 0.252, 0.182, 0.125
13-11-26, 1625, 8078, 26768, 2815, 92, 132, 6, 229, 46, 11, 33, 37, 0.302, 0.201, 0.105
13-11-27, 309, 2335, 12056, 1465, 61, 87, 3, 106, 36, 12, 10, 12, 0.194, 0.132, 0.122
13-11-28, 93, 725, 3777, 365, 13, 52, 1, 47, 19, 4, 3, 1, 0.192, 0.128, 0.097
13-11-29, 104, 929, 4883, 567, 32, 45, 2, 47, 46, 1, 3, 1, 0.190, 0.112, 0.116
13-11-30, 125, 1143, 6247, 722, 29, 57, 1, 83, 16, 3, 1, 1, 0.183, 0.109, 0.116
13-12-01, 289, 2492, 12515, 1360, 39, 83, 3, 203, 63, 4, 3, 2, 0.199, 0.116, 0.109
13-12-02, 946, 7089, 29164, 3162, 96, 151, 4, 767, 103, 32, 22, 14, 0.243, 0.133, 0.108
13-12-03, 1305, 8163, 33304, 3434, 100, 193, 11, 412, 112, 23, 17, 19, 0.245, 0.160, 0.103
13-12-04, 1472, 8085, 34887, 2737, 137, 196, 3, 563, 118, 9, 23, 11, 0.232, 0.182, 0.078
13-12-05, 1147, 8169, 35189, 3241, 94, 204, 6, 514, 83, 21, 18, 19, 0.232, 0.140, 0.092
13-12-06, 1027, 5988, 26032, 1948, 87, 107, 2, 626, 45, 8, 22, 8, 0.230, 0.172, 0.075
13-12-07, 78, 988, 5871, 730, 31, 69, 2, 63, 27, 3, 5, 0, 0.168, 0.079, 0.124
13-12-08, 319, 2408, 12530, 1584, 63, 66, 2, 140, 15, 10, 9, 7, 0.192, 0.132, 0.126
13-12-09, 1076, 6325, 27492, 2174, 61, 187, 6, 311, 73, 14, 14, 8, 0.230, 0.170, 0.079
13-12-10, 898, 6057, 26249, 2292, 105, 148, 2, 276, 82, 23, 13, 18, 0.231, 0.148, 0.087
13-12-11, 1169, 6835, 30105, 2010, 60, 139, 7, 528, 68, 8, 4, 11, 0.227, 0.171, 0.067
13-12-12, 1127, 7216, 29687, 1789, 91, 150, 2, 437, 241, 14, 8, 15, 0.243, 0.156, 0.060
13-12-13, 1115, 5259, 22049, 1466, 66, 118, 4, 321, 232, 16, 22, 6, 0.239, 0.212, 0.066
13-12-14, 122, 847, 5346, 487, 26, 35, 0, 47, 18, 2, 8, 2, 0.158, 0.144, 0.091
13-12-15, 276, 2045, 10568, 733, 34, 63, 0, 160, 27, 3, 4, 3, 0.194, 0.135, 0.069
13-12-16, 1102, 6219, 24984, 1738, 66, 115, 1, 274, 230, 12, 51, 12, 0.249, 0.177, 0.070
13-12-17, 800, 5762, 23161, 1730, 100, 167, 4, 331, 130, 24, 32, 23, 0.249, 0.139, 0.075
13-12-18, 674, 4548, 22110, 1461, 63, 110, 4, 258, 160, 31, 8, 8, 0.206, 0.148, 0.066
13-12-19, 651, 4332, 18791, 1074, 71, 97, 5, 174, 25, 7, 18, 3, 0.231, 0.150, 0.057
13-12-20, 330, 2041, 9097, 613, 35, 62, 2, 81, 11, 5, 6, 4, 0.224, 0.162, 0.067
13-12-21, 16, 262, 1641, 218, 10, 29, 0, 50, 15, 0, 2, 0, 0.160, 0.061, 0.133
13-12-22, 37, 285, 1875, 218, 2, 23, 0, 29, 2, 1, 1, 1, 0.152, 0.130, 0.116
13-12-23, 19, 311, 1622, 272, 11, 28, 0, 11, 1, 5, 4, 0, 0.192, 0.061, 0.168
13-12-24, 6, 132, 801, 150, 3, 13, 0, 9, 0, 0, 0, 0, 0.165, 0.045, 0.187
13-12-25, 4, 142, 764, 128, 6, 30, 0, 26, 10, 2, 1, 0, 0.186, 0.028, 0.168
13-12-26, 27, 243, 1532, 291, 14, 30, 0, 74, 7, 10, 1, 3, 0.159, 0.111, 0.190
13-12-27, 35, 281, 1699, 293, 16, 30, 1, 104, 6, 6, 6, 4, 0.165, 0.125, 0.172
13-12-28, 18, 273, 1660, 271, 11, 32, 2, 60, 9, 1, 8, 13, 0.164, 0.066, 0.163
13-12-29, 30, 302, 1811, 177, 12, 45, 0, 40, 15, 2, 3, 2, 0.167, 0.099, 0.098
13-12-30, 64, 462, 2632, 285, 32, 53, 5, 45, 8, 8, 3, 2, 0.176, 0.139, 0.108
13-12-31, 38, 339, 1851, 216, 16, 30, 0, 19, 2, 1, 0, 1, 0.183, 0.112, 0.117
14-01-01, 107, 651, 3043, 327, 14, 33, 1, 36, 12, 2, 1, 0, 0.214, 0.164, 0.107
14-01-02, 279, 1563, 7911, 625, 20, 62, 0, 131, 9, 1, 4, 4, 0.198, 0.179, 0.079
14-01-03, 126, 857, 4237, 500, 19, 23, 0, 147, 19, 2, 7, 2, 0.202, 0.147, 0.118
14-01-04, 90, 626, 3259, 370, 21, 32, 1, 46, 7, 3, 2, 2, 0.192, 0.144, 0.114
14-01-05, 135, 955, 5227, 454, 30, 44, 2, 109, 24, 5, 32, 2, 0.183, 0.141, 0.087
14-01-06, 355, 2822, 12316, 985, 41, 103, 1, 135, 52, 10, 9, 9, 0.229, 0.126, 0.080
14-01-07, 669, 3643, 14888, 1430, 78, 99, 2, 265, 230, 5, 7, 7, 0.245, 0.184, 0.096
14-01-08, 725, 5016, 21433, 2147, 76, 138, 8, 277, 184, 10, 15, 19, 0.234, 0.145, 0.100
14-01-09, 970, 6810, 26660, 2676, 100, 269, 7, 502, 344, 32, 25, 16, 0.255, 0.142, 0.100
14-01-10, 860, 5554, 21563, 1411, 78, 162, 2, 484, 417, 10, 9, 7, 0.258, 0.155, 0.065
14-01-11, 101, 826, 4984, 551, 29, 60, 0, 67, 7, 2, 4, 3, 0.166, 0.122, 0.111
14-01-12, 259, 1965, 10813, 867, 48, 89, 3, 148, 24, 8, 3, 3, 0.182, 0.132, 0.080
14-01-13, 1189, 8155, 31630, 2604, 95, 191, 5, 719, 250, 12, 21, 27, 0.258, 0.146, 0.082
14-01-14, 1130, 8567, 35743, 2422, 112, 258, 4, 475, 351, 16, 16, 16, 0.240, 0.132, 0.068
14-01-15, 1167, 7264, 29905, 2245, 98, 202, 3, 291, 281, 17, 51, 15, 0.243, 0.161, 0.075
14-01-16, 1122, 7646, 28377, 2411, 104, 158, 6, 360, 230, 25, 26, 15, 0.269, 0.147, 0.085
14-01-17, 1149, 6667, 22499, 1511, 96, 124, 1, 223, 74, 18, 19, 16, 0.296, 0.172, 0.067
14-01-18, 92, 781, 4721, 331, 34, 57, 3, 84, 12, 0, 4, 3, 0.165, 0.118, 0.070
14-01-19, 148, 1192, 6847, 546, 44, 78, 1, 167, 18, 2, 1, 6, 0.174, 0.124, 0.080
14-01-20, 454, 2379, 11154, 933, 50, 64, 3, 201, 26, 3, 15, 12, 0.213, 0.191, 0.084
14-01-21, 1053, 6973, 24808, 1833, 108, 148, 4, 400, 100, 16, 25, 51, 0.281, 0.151, 0.074
14-01-22, 849, 6168, 23551, 1788, 71, 125, 9, 277, 71, 17, 13, 12, 0.262, 0.138, 0.076
14-01-23, 887, 6252, 25690, 1621, 102, 169, 8, 265, 60, 12, 35, 9, 0.243, 0.142, 0.063
14-01-24, 888, 5031, 20337, 1100, 111, 108, 3, 231, 37, 15, 28, 7, 0.247, 0.177, 0.054
14-01-25, 128, 906, 5523, 504, 44, 57, 1, 108, 27, 22, 4, 5, 0.164, 0.141, 0.091
14-01-26, 290, 2062, 10453, 948, 45, 118, 0, 177, 44, 5, 7, 10, 0.197, 0.141, 0.091
14-01-27, 954, 5435, 22075, 2014, 97, 147, 0, 372, 46, 26, 28, 10, 0.246, 0.176, 0.091
14-01-28, 990, 5820, 23830, 1771, 73, 151, 9, 307, 154, 17, 25, 7, 0.244, 0.170, 0.074
14-01-29, 1096, 7120, 27276, 2275, 102, 157, 3, 324, 241, 14, 12, 24, 0.261, 0.154, 0.083
14-01-30, 1412, 7933, 30526, 2380, 83, 186, 8, 512, 338, 10, 15, 9, 0.260, 0.178, 0.078
14-01-31, 1121, 5851, 23320, 1607, 88, 136, 7, 288, 274, 20, 13, 26, 0.251, 0.192, 0.069
14-02-01, 114, 1105, 6503, 750, 29, 51, 1, 100, 19, 2, 3, 5, 0.170, 0.103, 0.115
14-02-02, 272, 2184, 11083, 936, 32, 100, 4, 179, 52, 2, 9, 3, 0.197, 0.125, 0.084
14-02-03, 1306, 8143, 30255, 2803, 90, 213, 4, 407, 283, 22, 31, 29, 0.269, 0.160, 0.093
14-02-04, 1984, 9147, 36282, 2861, 109, 171, 7, 514, 327, 25, 35, 26, 0.252, 0.217, 0.079
14-02-05, 1442, 7191, 28229, 2128, 93, 156, 3, 381, 391, 23, 9, 12, 0.255, 0.201, 0.075
14-02-06, 1770, 9833, 36152, 2921, 113, 233, 9, 464, 318, 17, 13, 11, 0.272, 0.180, 0.081
14-02-07, 1610, 8167, 31151, 1869, 99, 147, 3, 463, 249, 27, 27, 29, 0.262, 0.197, 0.060
14-02-08, 164, 1093, 6113, 548, 32, 69, 2, 162, 32, 6, 4, 13, 0.179, 0.150, 0.090
14-02-09, 480, 2674, 13252, 1024, 33, 100, 1, 276, 94, 7, 15, 7, 0.202, 0.180, 0.077
14-02-10, 1678, 10783, 43643, 3244, 118, 287, 4, 685, 259, 37, 46, 24, 0.247, 0.156, 0.074
14-02-11, 1905, 9564, 39394, 2872, 98, 252, 6, 495, 337, 21, 71, 17, 0.243, 0.199, 0.073
14-02-12, 1690, 9033, 35198, 3378, 124, 218, 11, 269, 253, 20, 21, 20, 0.257, 0.187, 0.096
14-02-13, 1442, 7525, 26871, 2556, 160, 189, 5, 424, 142, 77, 34, 14, 0.280, 0.192, 0.095
14-02-14, 1036, 5398, 18240, 1554, 39, 139, 2, 197, 39, 6, 11, 11, 0.296, 0.192, 0.085
14-02-15, 116, 864, 4536, 398, 22, 48, 0, 82, 7, 7, 1, 4, 0.190, 0.134, 0.088
14-02-16, 242, 1569, 8544, 709, 26, 64, 0, 149, 23, 3, 6, 5, 0.184, 0.154, 0.083
14-02-17, 763, 4571, 18714, 1698, 48, 121, 6, 196, 33, 10, 13, 4, 0.244, 0.167, 0.091
14-02-18, 1467, 7476, 32609, 2948, 114, 211, 4, 518, 172, 18, 15, 38, 0.229, 0.196, 0.090
14-02-19, 1478, 8729, 39640, 3294, 119, 214, 14, 459, 165, 11, 22, 30, 0.220, 0.169, 0.083
14-02-20, 1623, 8086, 35757, 3339, 105, 190, 2, 488, 604, 7, 23, 22, 0.226, 0.201, 0.093
14-02-21, 1333, 5993, 26106, 1656, 109, 215, 4, 228, 541, 11, 14, 2993, 0.230, 0.222, 0.063
14-02-22, 166, 1529, 7408, 750, 27, 106, 0, 117, 16, 10, 4, 3, 0.206, 0.109, 0.101
14-02-23, 426, 3296, 16950, 1487, 41, 111, 1, 299, 47, 16, 14, 8, 0.194, 0.129, 0.088
14-02-24, 1534, 9188, 38092, 3068, 129, 172, 5, 798, 121, 21, 14, 21, 0.241, 0.167, 0.081
14-02-25, 1774, 9837, 42992, 3154, 134, 221, 14, 509, 255, 23, 46, 23, 0.229, 0.180, 0.073
14-02-26, 1512, 9586, 39193, 3631, 101, 178, 10, 338, 242, 11, 20, 24, 0.245, 0.158, 0.093
14-02-27, 1778, 8533, 35847, 2980, 116, 235, 1, 473, 262, 12, 14, 13, 0.238, 0.208, 0.083
14-02-28, 1462, 6986, 30212, 2215, 91, 188, 5, 314, 101, 51, 14, 11, 0.231, 0.209, 0.073
14-03-01, 126, 1063, 6404, 706, 37, 90, 2, 126, 22, 7, 2, 2, 0.166, 0.119, 0.110
14-03-02, 477, 2775, 13328, 982, 39, 109, 2, 177, 23, 6, 5, 3, 0.208, 0.172, 0.074
14-03-03, 1139, 6089, 29836, 2601, 118, 151, 4, 752, 63, 10, 7, 15, 0.204, 0.187, 0.087
14-03-04, 1470, 7275, 34233, 3358, 96, 203, 3, 430, 235, 20, 11, 25, 0.213, 0.202, 0.098
14-03-05, 1449, 7644, 36640, 3089, 116, 221, 4, 769, 544, 27, 21, 3034, 0.209, 0.190, 0.084
14-03-06, 1600, 9115, 35930, 3332, 102, 236, 5, 735, 1062, 24, 30, 4336, 0.254, 0.176, 0.093
14-03-07, 1186, 6550, 28387, 2480, 96, 215, 8, 429, 637, 23, 18, 4141, 0.231, 0.181, 0.087
14-03-08, 124, 1026, 5882, 676, 42, 53, 3, 81, 19, 6, 3, 3, 0.174, 0.121, 0.115
14-03-09, 349, 2243, 11862, 1069, 59, 76, 2, 239, 41, 14, 13, 8, 0.189, 0.156, 0.090
14-03-10, 1279, 7457, 32923, 2870, 105, 141, 8, 486, 187, 21, 12, 12, 0.226, 0.172, 0.087
14-03-11, 1559, 8627, 34647, 2938, 93, 175, 4, 367, 110, 19, 17, 19, 0.249, 0.181, 0.085
14-03-12, 1434, 8222, 35214, 2904, 141, 198, 2, 363, 333, 22, 19, 25, 0.233, 0.174, 0.082
